<?xml version="1.0" encoding="UTF-8"?>
<project-private xmlns="http://www.netbeans.org/ns/project-private/1">
    <editor-bookmarks xmlns="http://www.netbeans.org/ns/editor-bookmarks/1"/>
    <editor-bookmarks xmlns="http://www.netbeans.org/ns/editor-bookmarks/2" lastBookmarkId="0"/>
    <open-files xmlns="http://www.netbeans.org/ns/projectui-open-files/2">
        <group>
            <file>file:/home/dbsima/Downloads/lab9/BookStore/home/sources/general/Constants.java</file>
            <file>file:/home/dbsima/Downloads/lab9/BookStore/home/sources/ClientServlet.java</file>
            <file>file:/home/dbsima/Downloads/lab9/BookStore/home/sources/AdministratorServlet.java</file>
            <file>file:/home/dbsima/Downloads/lab9/BookStore/web-pages/client.jsp</file>
        </group>
    </open-files>
</project-private>
