<?xml version="1.0" encoding="UTF-8"?>
<project-private xmlns="http://www.netbeans.org/ns/project-private/1">
    <editor-bookmarks xmlns="http://www.netbeans.org/ns/editor-bookmarks/2" lastBookmarkId="0"/>
    <open-files xmlns="http://www.netbeans.org/ns/projectui-open-files/2">
        <group>
            <file>file:/mnt/sda8/teme/aii/lab4/BookStore/src/authentication.fxml</file>
            <file>file:/mnt/sda8/teme/aii/lab4/BookStore/src/general/Constants.java</file>
            <file>file:/mnt/sda8/teme/aii/lab4/BookStore/src/BookStore.java</file>
        </group>
    </open-files>
</project-private>
