<?xml version="1.0" encoding="UTF-8"?>
<project-private xmlns="http://www.netbeans.org/ns/project-private/1">
    <editor-bookmarks xmlns="http://www.netbeans.org/ns/editor-bookmarks/1"/>
    <editor-bookmarks xmlns="http://www.netbeans.org/ns/editor-bookmarks/2" lastBookmarkId="0"/>
    <open-files xmlns="http://www.netbeans.org/ns/projectui-open-files/2">
        <group>
            <file>file:/D:/Dropbox/cursuri/automatica_si_calculatoare/aplicatii_integrate_pentru_intreprinderi/2013_2014/paginaweb/laboratoare/Laborator03/NetBeans/BookStore/src/general/Constants.java</file>
            <file>file:/D:/Dropbox/cursuri/automatica_si_calculatoare/aplicatii_integrate_pentru_intreprinderi/2013_2014/paginaweb/laboratoare/Laborator03/NetBeans/BookStore/src/general/ReferrencedTable.java</file>
            <file>file:/D:/Dropbox/cursuri/automatica_si_calculatoare/aplicatii_integrate_pentru_intreprinderi/2013_2014/paginaweb/laboratoare/Laborator03/NetBeans/BookStore/src/BookStore.java</file>
            <file>file:/D:/Dropbox/cursuri/automatica_si_calculatoare/aplicatii_integrate_pentru_intreprinderi/2013_2014/paginaweb/laboratoare/Laborator03/NetBeans/BookStore/src/dataaccess/DataBaseConnection.java</file>
        </group>
    </open-files>
</project-private>
